-- -------------------------------------------------------------
-- TablePlus 4.8.2(436)
--
-- https://tableplus.com/
--
-- Database: AppStoreDB
-- Generation Time: 2022-08-25 1:55:52.7410 PM
-- -------------------------------------------------------------


/*!40101 SET @OLD_CHARACTER_SET_CLIENT=@@CHARACTER_SET_CLIENT */;
/*!40101 SET @OLD_CHARACTER_SET_RESULTS=@@CHARACTER_SET_RESULTS */;
/*!40101 SET @OLD_COLLATION_CONNECTION=@@COLLATION_CONNECTION */;
/*!40101 SET NAMES utf8mb4 */;
/*!40014 SET @OLD_UNIQUE_CHECKS=@@UNIQUE_CHECKS, UNIQUE_CHECKS=0 */;
/*!40014 SET @OLD_FOREIGN_KEY_CHECKS=@@FOREIGN_KEY_CHECKS, FOREIGN_KEY_CHECKS=0 */;
/*!40101 SET @OLD_SQL_MODE=@@SQL_MODE, SQL_MODE='NO_AUTO_VALUE_ON_ZERO' */;
/*!40111 SET @OLD_SQL_NOTES=@@SQL_NOTES, SQL_NOTES=0 */;


CREATE TABLE `apps` (
  `id` int NOT NULL AUTO_INCREMENT,
  `name` varchar(255) NOT NULL,
  `developer` varchar(255) NOT NULL,
  `price` decimal(10,2) NOT NULL DEFAULT '0.00',
  `state` tinyint NOT NULL DEFAULT '1',
  `createdAt` datetime NOT NULL,
  `updatedAt` datetime DEFAULT NULL,
  `description` varchar(255) NOT NULL,
  `categoryId` int NOT NULL DEFAULT '1',
  `isInstalled` tinyint NOT NULL DEFAULT '0',
  `numberInstallations` int NOT NULL DEFAULT '0',
  `average` decimal(10,0) DEFAULT '0',
  PRIMARY KEY (`id`),
  KEY `id` (`id`) USING BTREE,
  KEY `categoryId` (`categoryId`),
  CONSTRAINT `apps_ibfk_1` FOREIGN KEY (`categoryId`) REFERENCES `categories` (`id`)
) ENGINE=InnoDB AUTO_INCREMENT=51 DEFAULT CHARSET=utf8mb4 COLLATE=utf8mb4_0900_ai_ci;

CREATE TABLE `AppScores` (
  `id` int NOT NULL AUTO_INCREMENT,
  `appId` int NOT NULL,
  `score` int NOT NULL,
  `state` tinyint NOT NULL DEFAULT '1',
  `createdAt` timestamp NOT NULL,
  `updatedAt` timestamp NULL DEFAULT NULL,
  PRIMARY KEY (`id`),
  KEY `id` (`id`) USING BTREE
) ENGINE=InnoDB AUTO_INCREMENT=168 DEFAULT CHARSET=utf8mb4 COLLATE=utf8mb4_0900_ai_ci;

CREATE TABLE `averageRatings` (
  `id` int NOT NULL AUTO_INCREMENT,
  `appId` int NOT NULL,
  `average` decimal(10,1) NOT NULL DEFAULT '0.0',
  `state` tinyint NOT NULL DEFAULT '1',
  `createdAt` timestamp NOT NULL,
  `updatedAt` timestamp NULL DEFAULT NULL,
  PRIMARY KEY (`id`)
) ENGINE=InnoDB AUTO_INCREMENT=51 DEFAULT CHARSET=utf8mb4 COLLATE=utf8mb4_0900_ai_ci;

CREATE TABLE `categories` (
  `id` int NOT NULL AUTO_INCREMENT,
  `name` varchar(255) NOT NULL,
  `state` tinyint NOT NULL DEFAULT '1',
  `createdAt` timestamp NOT NULL,
  `updatedAt` timestamp NULL DEFAULT NULL,
  PRIMARY KEY (`id`),
  KEY `id` (`id`) USING BTREE
) ENGINE=InnoDB AUTO_INCREMENT=4 DEFAULT CHARSET=utf8mb4 COLLATE=utf8mb4_0900_ai_ci;

CREATE TABLE `comments` (
  `id` int NOT NULL AUTO_INCREMENT,
  `appId` int NOT NULL,
  `userName` varchar(255) NOT NULL,
  `comment` varchar(255) CHARACTER SET utf8mb4 COLLATE utf8mb4_0900_ai_ci NOT NULL,
  `state` tinyint NOT NULL DEFAULT '1',
  `createdAt` timestamp NOT NULL,
  `updatedAt` timestamp NOT NULL,
  PRIMARY KEY (`id`),
  UNIQUE KEY `id` (`id`) USING BTREE
) ENGINE=InnoDB AUTO_INCREMENT=161 DEFAULT CHARSET=utf8mb4 COLLATE=utf8mb4_0900_ai_ci;

INSERT INTO `apps` (`id`, `name`, `developer`, `price`, `state`, `createdAt`, `updatedAt`, `description`, `categoryId`, `isInstalled`, `numberInstallations`, `average`) VALUES
(1, 'App 1', 'Desarrollador 1', 0.40, 0, '2022-08-24 16:28:15', '2022-08-25 19:05:55', 'App 1. App Store no escanea el texto de descripción en busca de palabras clave a la hora de posicionar la app/juego en la tienda, ya que existe un campo específico para ello. ', 3, 1, 0, 3),
(2, 'App 2', 'Desarrollador 2', 9.00, 0, '2022-08-24 16:28:15', '2022-08-25 19:05:55', 'App 2. App Store no escanea el texto de descripción en busca de palabras clave a la hora de posicionar la app/juego en la tienda, ya que existe un campo específico para ello. ', 2, 0, 0, 2),
(3, 'App 3', 'Desarrollador 3', 6.00, 0, '2022-08-24 16:28:15', '2022-08-25 19:05:55', 'App 3. App Store no escanea el texto de descripción en busca de palabras clave a la hora de posicionar la app/juego en la tienda, ya que existe un campo específico para ello. ', 1, 0, 0, 1),
(4, 'App 4', 'Desarrollador 4', 8.00, 0, '2022-08-24 16:28:15', '2022-08-25 19:05:55', 'App 4. App Store no escanea el texto de descripción en busca de palabras clave a la hora de posicionar la app/juego en la tienda, ya que existe un campo específico para ello. ', 2, 0, 0, 2),
(5, 'App 5', 'Desarrollador 5', 4.00, 0, '2022-08-24 16:28:15', '2022-08-25 19:05:55', 'App 5. App Store no escanea el texto de descripción en busca de palabras clave a la hora de posicionar la app/juego en la tienda, ya que existe un campo específico para ello. ', 1, 0, 0, 4),
(6, 'App 6', 'Desarrollador 6', 5.00, 0, '2022-08-24 16:28:15', '2022-08-25 19:05:55', 'App 6. App Store no escanea el texto de descripción en busca de palabras clave a la hora de posicionar la app/juego en la tienda, ya que existe un campo específico para ello. ', 2, 0, 0, 3),
(7, 'App 7', 'Desarrollador 7', 3.00, 0, '2022-08-24 16:28:15', '2022-08-25 19:05:55', 'App 7. App Store no escanea el texto de descripción en busca de palabras clave a la hora de posicionar la app/juego en la tienda, ya que existe un campo específico para ello. ', 3, 0, 0, 2),
(8, 'App 8', 'Desarrollador 8', 7.00, 0, '2022-08-24 16:28:15', '2022-08-25 19:05:55', 'App 8. App Store no escanea el texto de descripción en busca de palabras clave a la hora de posicionar la app/juego en la tienda, ya que existe un campo específico para ello. ', 3, 0, 0, 3),
(9, 'App 9', 'Desarrollador 9', 4.00, 1, '2022-08-24 16:28:15', '2022-08-25 19:05:55', 'App 9. App Store no escanea el texto de descripción en busca de palabras clave a la hora de posicionar la app/juego en la tienda, ya que existe un campo específico para ello. ', 1, 1, 6, 3),
(10, 'App 10', 'Desarrollador 10', 6.00, 1, '2022-08-24 16:28:15', '2022-08-25 19:05:55', 'App 10. App Store no escanea el texto de descripción en busca de palabras clave a la hora de posicionar la app/juego en la tienda, ya que existe un campo específico para ello. ', 3, 1, 1, 3),
(11, 'App 11', 'Desarrollador 11', 4.00, 1, '2022-08-24 16:28:15', '2022-08-25 19:05:55', 'App 11. App Store no escanea el texto de descripción en busca de palabras clave a la hora de posicionar la app/juego en la tienda, ya que existe un campo específico para ello. ', 1, 1, 4, 4),
(12, 'App 12', 'Desarrollador 12', 7.00, 1, '2022-08-24 16:28:15', '2022-08-25 19:05:55', 'App 12. App Store no escanea el texto de descripción en busca de palabras clave a la hora de posicionar la app/juego en la tienda, ya que existe un campo específico para ello. ', 2, 1, 1, 3),
(13, 'App 13', 'Desarrollador 13', 9.00, 1, '2022-08-24 16:28:15', '2022-08-25 19:05:55', 'App 13. App Store no escanea el texto de descripción en busca de palabras clave a la hora de posicionar la app/juego en la tienda, ya que existe un campo específico para ello. ', 2, 1, 1, 1),
(14, 'App 14', 'Desarrollador 14', 8.00, 1, '2022-08-24 16:28:15', '2022-08-25 19:05:55', 'App 14. App Store no escanea el texto de descripción en busca de palabras clave a la hora de posicionar la app/juego en la tienda, ya que existe un campo específico para ello. ', 1, 0, 0, 3),
(15, 'App 15', 'Desarrollador 15', 3.00, 1, '2022-08-24 16:28:15', '2022-08-25 19:05:55', 'App 15. App Store no escanea el texto de descripción en busca de palabras clave a la hora de posicionar la app/juego en la tienda, ya que existe un campo específico para ello. ', 1, 0, 0, 3),
(16, 'App 16', 'Desarrollador 16', 4.00, 1, '2022-08-24 16:28:15', '2022-08-25 19:05:55', 'App 16. App Store no escanea el texto de descripción en busca de palabras clave a la hora de posicionar la app/juego en la tienda, ya que existe un campo específico para ello. ', 3, 0, 0, 2),
(17, 'App 17', 'Desarrollador 17', 6.00, 1, '2022-08-24 16:28:15', '2022-08-25 19:05:55', 'App 17. App Store no escanea el texto de descripción en busca de palabras clave a la hora de posicionar la app/juego en la tienda, ya que existe un campo específico para ello. ', 2, 0, 0, 3),
(18, 'App 18', 'Desarrollador 18', 3.00, 1, '2022-08-24 16:28:15', '2022-08-25 19:05:55', 'App 18. App Store no escanea el texto de descripción en busca de palabras clave a la hora de posicionar la app/juego en la tienda, ya que existe un campo específico para ello. ', 2, 0, 1, 3),
(19, 'App 19', 'Desarrollador 19', 8.00, 1, '2022-08-24 16:28:15', '2022-08-25 19:05:55', 'App 19. App Store no escanea el texto de descripción en busca de palabras clave a la hora de posicionar la app/juego en la tienda, ya que existe un campo específico para ello. ', 1, 0, 0, 2),
(20, 'App 20', 'Desarrollador 20', 8.00, 1, '2022-08-24 16:28:15', '2022-08-25 19:05:55', 'App 20. App Store no escanea el texto de descripción en busca de palabras clave a la hora de posicionar la app/juego en la tienda, ya que existe un campo específico para ello. ', 2, 0, 0, 2),
(21, 'App 21', 'Desarrollador 21', 6.00, 1, '2022-08-24 16:28:15', '2022-08-25 19:05:55', 'App 21. App Store no escanea el texto de descripción en busca de palabras clave a la hora de posicionar la app/juego en la tienda, ya que existe un campo específico para ello. ', 3, 0, 0, 2),
(22, 'App 22', 'Desarrollador 22', 10.00, 1, '2022-08-24 16:28:15', '2022-08-25 19:05:55', 'App 22. App Store no escanea el texto de descripción en busca de palabras clave a la hora de posicionar la app/juego en la tienda, ya que existe un campo específico para ello. ', 3, 0, 0, 2),
(23, 'App 23', 'Desarrollador 23', 3.00, 1, '2022-08-24 16:28:15', '2022-08-25 19:05:55', 'App 23. App Store no escanea el texto de descripción en busca de palabras clave a la hora de posicionar la app/juego en la tienda, ya que existe un campo específico para ello. ', 3, 0, 0, 2),
(24, 'App 24', 'Desarrollador 24', 9.00, 1, '2022-08-24 16:28:15', '2022-08-25 19:05:55', 'App 24. App Store no escanea el texto de descripción en busca de palabras clave a la hora de posicionar la app/juego en la tienda, ya que existe un campo específico para ello. ', 3, 0, 0, 1),
(25, 'App 25', 'Desarrollador 25', 7.00, 1, '2022-08-24 16:28:15', '2022-08-25 19:05:55', 'App 25. App Store no escanea el texto de descripción en busca de palabras clave a la hora de posicionar la app/juego en la tienda, ya que existe un campo específico para ello. ', 2, 0, 0, 2),
(26, 'App 26', 'Desarrollador 26', 8.00, 1, '2022-08-24 16:28:15', '2022-08-25 19:05:55', 'App 26. App Store no escanea el texto de descripción en busca de palabras clave a la hora de posicionar la app/juego en la tienda, ya que existe un campo específico para ello. ', 3, 0, 0, 4),
(27, 'App 27', 'Desarrollador 27', 4.00, 1, '2022-08-24 16:28:15', '2022-08-25 19:05:55', 'App 27. App Store no escanea el texto de descripción en busca de palabras clave a la hora de posicionar la app/juego en la tienda, ya que existe un campo específico para ello. ', 3, 0, 0, 4),
(28, 'App 28', 'Desarrollador 28', 5.00, 1, '2022-08-24 16:28:15', '2022-08-25 19:05:55', 'App 28. App Store no escanea el texto de descripción en busca de palabras clave a la hora de posicionar la app/juego en la tienda, ya que existe un campo específico para ello. ', 3, 0, 0, 3),
(29, 'App 29', 'Desarrollador 29', 3.00, 1, '2022-08-24 16:28:15', '2022-08-25 19:05:55', 'App 29. App Store no escanea el texto de descripción en busca de palabras clave a la hora de posicionar la app/juego en la tienda, ya que existe un campo específico para ello. ', 3, 0, 0, 3),
(30, 'App 30', 'Desarrollador 30', 9.00, 1, '2022-08-24 16:28:15', '2022-08-25 19:05:55', 'App 30. App Store no escanea el texto de descripción en busca de palabras clave a la hora de posicionar la app/juego en la tienda, ya que existe un campo específico para ello. ', 1, 0, 0, 1),
(31, 'App 31', 'Desarrollador 31', 10.00, 1, '2022-08-24 16:28:15', '2022-08-25 19:05:55', 'App 31. App Store no escanea el texto de descripción en busca de palabras clave a la hora de posicionar la app/juego en la tienda, ya que existe un campo específico para ello. ', 3, 0, 0, 2),
(32, 'App 32', 'Desarrollador 32', 1.00, 1, '2022-08-24 16:28:15', '2022-08-25 19:05:55', 'App 32. App Store no escanea el texto de descripción en busca de palabras clave a la hora de posicionar la app/juego en la tienda, ya que existe un campo específico para ello. ', 3, 0, 0, 3),
(33, 'App 33', 'Desarrollador 33', 9.00, 1, '2022-08-24 16:28:15', '2022-08-25 19:05:55', 'App 33. App Store no escanea el texto de descripción en busca de palabras clave a la hora de posicionar la app/juego en la tienda, ya que existe un campo específico para ello. ', 3, 0, 0, 2),
(34, 'App 34', 'Desarrollador 34', 2.00, 1, '2022-08-24 16:28:15', '2022-08-25 19:05:55', 'App 34. App Store no escanea el texto de descripción en busca de palabras clave a la hora de posicionar la app/juego en la tienda, ya que existe un campo específico para ello. ', 3, 0, 0, 4),
(35, 'App 35', 'Desarrollador 35', 8.00, 1, '2022-08-24 16:28:15', '2022-08-25 19:05:55', 'App 35. App Store no escanea el texto de descripción en busca de palabras clave a la hora de posicionar la app/juego en la tienda, ya que existe un campo específico para ello. ', 2, 0, 0, 4),
(36, 'App 36', 'Desarrollador 36', 6.00, 1, '2022-08-24 16:28:15', '2022-08-25 19:05:55', 'App 36. App Store no escanea el texto de descripción en busca de palabras clave a la hora de posicionar la app/juego en la tienda, ya que existe un campo específico para ello. ', 1, 0, 0, 3),
(37, 'App 37', 'Desarrollador 37', 2.00, 1, '2022-08-24 16:28:15', '2022-08-25 19:05:55', 'App 37. App Store no escanea el texto de descripción en busca de palabras clave a la hora de posicionar la app/juego en la tienda, ya que existe un campo específico para ello. ', 2, 0, 0, 3),
(38, 'App 38', 'Desarrollador 38', 6.00, 1, '2022-08-24 16:28:15', '2022-08-25 19:05:55', 'App 38. App Store no escanea el texto de descripción en busca de palabras clave a la hora de posicionar la app/juego en la tienda, ya que existe un campo específico para ello. ', 1, 0, 0, 3),
(39, 'App 39', 'Desarrollador 39', 9.00, 1, '2022-08-24 16:28:15', '2022-08-25 19:05:55', 'App 39. App Store no escanea el texto de descripción en busca de palabras clave a la hora de posicionar la app/juego en la tienda, ya que existe un campo específico para ello. ', 2, 0, 0, 3),
(40, 'App 40', 'Desarrollador 40', 4.00, 1, '2022-08-24 16:28:15', '2022-08-25 19:05:55', 'App 40. App Store no escanea el texto de descripción en busca de palabras clave a la hora de posicionar la app/juego en la tienda, ya que existe un campo específico para ello. ', 1, 0, 0, 4),
(41, 'App 41', 'Desarrollador 41', 6.00, 1, '2022-08-24 16:28:15', '2022-08-25 19:05:55', 'App 41. App Store no escanea el texto de descripción en busca de palabras clave a la hora de posicionar la app/juego en la tienda, ya que existe un campo específico para ello. ', 1, 0, 0, 3),
(42, 'App 42', 'Desarrollador 42', 5.00, 1, '2022-08-24 16:28:15', '2022-08-25 19:05:55', 'App 42. App Store no escanea el texto de descripción en busca de palabras clave a la hora de posicionar la app/juego en la tienda, ya que existe un campo específico para ello. ', 2, 0, 0, 3),
(43, 'App 43', 'Desarrollador 43', 10.00, 1, '2022-08-24 16:28:15', '2022-08-25 19:05:55', 'App 43. App Store no escanea el texto de descripción en busca de palabras clave a la hora de posicionar la app/juego en la tienda, ya que existe un campo específico para ello. ', 1, 0, 0, 3),
(44, 'App 44', 'Desarrollador 44', 6.00, 1, '2022-08-24 16:28:15', '2022-08-25 19:05:55', 'App 44. App Store no escanea el texto de descripción en busca de palabras clave a la hora de posicionar la app/juego en la tienda, ya que existe un campo específico para ello. ', 1, 0, 0, 2),
(45, 'App 45', 'Desarrollador 45', 3.00, 1, '2022-08-24 16:28:15', '2022-08-25 19:05:55', 'App 45. App Store no escanea el texto de descripción en busca de palabras clave a la hora de posicionar la app/juego en la tienda, ya que existe un campo específico para ello. ', 1, 0, 0, 2),
(46, 'App 46', 'Desarrollador 46', 3.00, 1, '2022-08-24 16:28:15', '2022-08-25 19:05:55', 'App 46. App Store no escanea el texto de descripción en busca de palabras clave a la hora de posicionar la app/juego en la tienda, ya que existe un campo específico para ello. ', 1, 0, 0, 1),
(47, 'App 47', 'Desarrollador 47', 5.00, 1, '2022-08-24 16:28:15', '2022-08-25 19:05:55', 'App 47. App Store no escanea el texto de descripción en busca de palabras clave a la hora de posicionar la app/juego en la tienda, ya que existe un campo específico para ello. ', 1, 0, 0, 4),
(48, 'App 48', 'Desarrollador 48', 4.00, 1, '2022-08-24 16:28:15', '2022-08-25 19:05:55', 'App 48. App Store no escanea el texto de descripción en busca de palabras clave a la hora de posicionar la app/juego en la tienda, ya que existe un campo específico para ello. ', 1, 0, 0, 4),
(49, 'App 49', 'Desarrollador 49', 9.00, 1, '2022-08-24 16:28:15', '2022-08-25 19:05:55', 'App 49. App Store no escanea el texto de descripción en busca de palabras clave a la hora de posicionar la app/juego en la tienda, ya que existe un campo específico para ello. ', 1, 0, 0, 2),
(50, 'App 50', 'Desarrollador 50', 2.00, 1, '2022-08-24 16:28:15', '2022-08-25 19:05:55', 'App 50. App Store no escanea el texto de descripción en busca de palabras clave a la hora de posicionar la app/juego en la tienda, ya que existe un campo específico para ello. ', 2, 0, 0, 3);

INSERT INTO `AppScores` (`id`, `appId`, `score`, `state`, `createdAt`, `updatedAt`) VALUES
(1, 1, 5, 1, '2022-08-24 10:28:16', '2022-08-24 10:28:16'),
(2, 1, 1, 1, '2022-08-24 10:28:16', '2022-08-24 10:28:16'),
(3, 1, 5, 1, '2022-08-24 10:28:16', '2022-08-24 10:28:16'),
(4, 2, 4, 1, '2022-08-24 10:28:16', '2022-08-24 10:28:16'),
(5, 2, 2, 1, '2022-08-24 10:28:16', '2022-08-24 10:28:16'),
(6, 2, 1, 1, '2022-08-24 10:28:16', '2022-08-24 10:28:16'),
(7, 3, 1, 1, '2022-08-24 10:28:16', '2022-08-24 10:28:16'),
(8, 3, 2, 1, '2022-08-24 10:28:16', '2022-08-24 10:28:16'),
(9, 3, 1, 1, '2022-08-24 10:28:16', '2022-08-24 10:28:16'),
(10, 4, 5, 1, '2022-08-24 10:28:16', '2022-08-24 10:28:16'),
(11, 4, 1, 1, '2022-08-24 10:28:16', '2022-08-24 10:28:16'),
(12, 4, 2, 1, '2022-08-24 10:28:16', '2022-08-24 10:28:16'),
(13, 5, 4, 1, '2022-08-24 10:28:16', '2022-08-24 10:28:16'),
(14, 5, 5, 1, '2022-08-24 10:28:16', '2022-08-24 10:28:16'),
(15, 5, 4, 1, '2022-08-24 10:28:16', '2022-08-24 10:28:16'),
(16, 6, 5, 1, '2022-08-24 10:28:16', '2022-08-24 10:28:16'),
(17, 6, 3, 1, '2022-08-24 10:28:16', '2022-08-24 10:28:16'),
(18, 6, 3, 1, '2022-08-24 10:28:16', '2022-08-24 10:28:16'),
(19, 7, 4, 1, '2022-08-24 10:28:16', '2022-08-24 10:28:16'),
(20, 7, 1, 1, '2022-08-24 10:28:16', '2022-08-24 10:28:16'),
(21, 7, 2, 1, '2022-08-24 10:28:16', '2022-08-24 10:28:16'),
(22, 8, 3, 1, '2022-08-24 10:28:16', '2022-08-24 10:28:16'),
(23, 8, 4, 1, '2022-08-24 10:28:16', '2022-08-24 10:28:16'),
(24, 8, 3, 1, '2022-08-24 10:28:16', '2022-08-24 10:28:16'),
(25, 9, 3, 1, '2022-08-24 10:28:16', '2022-08-24 10:28:16'),
(26, 9, 2, 1, '2022-08-24 10:28:16', '2022-08-24 10:28:16'),
(27, 9, 4, 1, '2022-08-24 10:28:16', '2022-08-24 10:28:16'),
(28, 10, 4, 1, '2022-08-24 10:28:16', '2022-08-24 10:28:16'),
(29, 10, 3, 1, '2022-08-24 10:28:16', '2022-08-24 10:28:16'),
(30, 10, 4, 1, '2022-08-24 10:28:16', '2022-08-24 10:28:16'),
(31, 11, 4, 1, '2022-08-24 10:28:16', '2022-08-24 10:28:16'),
(32, 11, 5, 1, '2022-08-24 10:28:16', '2022-08-24 10:28:16'),
(33, 11, 3, 1, '2022-08-24 10:28:16', '2022-08-24 10:28:16'),
(34, 12, 3, 1, '2022-08-24 10:28:16', '2022-08-24 10:28:16'),
(35, 12, 4, 1, '2022-08-24 10:28:16', '2022-08-24 10:28:16'),
(36, 12, 4, 1, '2022-08-24 10:28:16', '2022-08-24 10:28:16'),
(37, 13, 3, 1, '2022-08-24 10:28:16', '2022-08-24 10:28:16'),
(38, 13, 1, 1, '2022-08-24 10:28:16', '2022-08-24 10:28:16'),
(39, 13, 1, 1, '2022-08-24 10:28:16', '2022-08-24 10:28:16'),
(40, 14, 4, 1, '2022-08-24 10:28:16', '2022-08-24 10:28:16'),
(41, 14, 5, 1, '2022-08-24 10:28:16', '2022-08-24 10:28:16'),
(42, 14, 1, 1, '2022-08-24 10:28:16', '2022-08-24 10:28:16'),
(43, 15, 4, 1, '2022-08-24 10:28:16', '2022-08-24 10:28:16'),
(44, 15, 3, 1, '2022-08-24 10:28:16', '2022-08-24 10:28:16'),
(45, 15, 4, 1, '2022-08-24 10:28:16', '2022-08-24 10:28:16'),
(46, 16, 1, 1, '2022-08-24 10:28:16', '2022-08-24 10:28:16'),
(47, 16, 2, 1, '2022-08-24 10:28:16', '2022-08-24 10:28:16'),
(48, 16, 4, 1, '2022-08-24 10:28:16', '2022-08-24 10:28:16'),
(49, 17, 4, 1, '2022-08-24 10:28:16', '2022-08-24 10:28:16'),
(50, 17, 1, 1, '2022-08-24 10:28:16', '2022-08-24 10:28:16'),
(51, 17, 5, 1, '2022-08-24 10:28:16', '2022-08-24 10:28:16'),
(52, 18, 2, 1, '2022-08-24 10:28:16', '2022-08-24 10:28:16'),
(53, 18, 5, 1, '2022-08-24 10:28:16', '2022-08-24 10:28:16'),
(54, 18, 4, 1, '2022-08-24 10:28:16', '2022-08-24 10:28:16'),
(55, 19, 1, 1, '2022-08-24 10:28:16', '2022-08-24 10:28:16'),
(56, 19, 4, 1, '2022-08-24 10:28:16', '2022-08-24 10:28:16'),
(57, 19, 3, 1, '2022-08-24 10:28:16', '2022-08-24 10:28:16'),
(58, 20, 2, 1, '2022-08-24 10:28:16', '2022-08-24 10:28:16'),
(59, 20, 3, 1, '2022-08-24 10:28:16', '2022-08-24 10:28:16'),
(60, 20, 2, 1, '2022-08-24 10:28:16', '2022-08-24 10:28:16'),
(61, 21, 4, 1, '2022-08-24 10:28:16', '2022-08-24 10:28:16'),
(62, 21, 2, 1, '2022-08-24 10:28:16', '2022-08-24 10:28:16'),
(63, 21, 1, 1, '2022-08-24 10:28:16', '2022-08-24 10:28:16'),
(64, 22, 3, 1, '2022-08-24 10:28:16', '2022-08-24 10:28:16'),
(65, 22, 2, 1, '2022-08-24 10:28:16', '2022-08-24 10:28:16'),
(66, 22, 1, 1, '2022-08-24 10:28:16', '2022-08-24 10:28:16'),
(67, 23, 3, 1, '2022-08-24 10:28:16', '2022-08-24 10:28:16'),
(68, 23, 2, 1, '2022-08-24 10:28:16', '2022-08-24 10:28:16'),
(69, 23, 3, 1, '2022-08-24 10:28:16', '2022-08-24 10:28:16'),
(70, 24, 1, 1, '2022-08-24 10:28:16', '2022-08-24 10:28:16'),
(71, 24, 2, 1, '2022-08-24 10:28:16', '2022-08-24 10:28:16'),
(72, 24, 2, 1, '2022-08-24 10:28:16', '2022-08-24 10:28:16'),
(73, 25, 1, 1, '2022-08-24 10:28:16', '2022-08-24 10:28:16'),
(74, 25, 3, 1, '2022-08-24 10:28:16', '2022-08-24 10:28:16'),
(75, 25, 2, 1, '2022-08-24 10:28:16', '2022-08-24 10:28:16'),
(76, 26, 3, 1, '2022-08-24 10:28:16', '2022-08-24 10:28:16'),
(77, 26, 4, 1, '2022-08-24 10:28:16', '2022-08-24 10:28:16'),
(78, 26, 5, 1, '2022-08-24 10:28:16', '2022-08-24 10:28:16'),
(79, 27, 5, 1, '2022-08-24 10:28:16', '2022-08-24 10:28:16'),
(80, 27, 2, 1, '2022-08-24 10:28:16', '2022-08-24 10:28:16'),
(81, 27, 5, 1, '2022-08-24 10:28:16', '2022-08-24 10:28:16'),
(82, 28, 3, 1, '2022-08-24 10:28:16', '2022-08-24 10:28:16'),
(83, 28, 3, 1, '2022-08-24 10:28:16', '2022-08-24 10:28:16'),
(84, 28, 5, 1, '2022-08-24 10:28:16', '2022-08-24 10:28:16'),
(85, 29, 4, 1, '2022-08-24 10:28:16', '2022-08-24 10:28:16'),
(86, 29, 3, 1, '2022-08-24 10:28:16', '2022-08-24 10:28:16'),
(87, 29, 2, 1, '2022-08-24 10:28:16', '2022-08-24 10:28:16'),
(88, 30, 2, 1, '2022-08-24 10:28:16', '2022-08-24 10:28:16'),
(89, 30, 2, 1, '2022-08-24 10:28:16', '2022-08-24 10:28:16'),
(90, 30, 1, 1, '2022-08-24 10:28:16', '2022-08-24 10:28:16'),
(91, 31, 1, 1, '2022-08-24 10:28:16', '2022-08-24 10:28:16'),
(92, 31, 4, 1, '2022-08-24 10:28:16', '2022-08-24 10:28:16'),
(93, 31, 1, 1, '2022-08-24 10:28:16', '2022-08-24 10:28:16'),
(94, 32, 3, 1, '2022-08-24 10:28:16', '2022-08-24 10:28:16'),
(95, 32, 3, 1, '2022-08-24 10:28:16', '2022-08-24 10:28:16'),
(96, 32, 3, 1, '2022-08-24 10:28:16', '2022-08-24 10:28:16'),
(97, 33, 1, 1, '2022-08-24 10:28:16', '2022-08-24 10:28:16'),
(98, 33, 4, 1, '2022-08-24 10:28:16', '2022-08-24 10:28:16'),
(99, 33, 3, 1, '2022-08-24 10:28:16', '2022-08-24 10:28:16'),
(100, 34, 5, 1, '2022-08-24 10:28:16', '2022-08-24 10:28:16'),
(101, 34, 5, 1, '2022-08-24 10:28:16', '2022-08-24 10:28:16'),
(102, 34, 4, 1, '2022-08-24 10:28:16', '2022-08-24 10:28:16'),
(103, 35, 3, 1, '2022-08-24 10:28:16', '2022-08-24 10:28:16'),
(104, 35, 5, 1, '2022-08-24 10:28:16', '2022-08-24 10:28:16'),
(105, 35, 4, 1, '2022-08-24 10:28:16', '2022-08-24 10:28:16'),
(106, 36, 2, 1, '2022-08-24 10:28:16', '2022-08-24 10:28:16'),
(107, 36, 2, 1, '2022-08-24 10:28:16', '2022-08-24 10:28:16'),
(108, 36, 5, 1, '2022-08-24 10:28:16', '2022-08-24 10:28:16'),
(109, 37, 1, 1, '2022-08-24 10:28:16', '2022-08-24 10:28:16'),
(110, 37, 3, 1, '2022-08-24 10:28:16', '2022-08-24 10:28:16'),
(111, 37, 5, 1, '2022-08-24 10:28:16', '2022-08-24 10:28:16'),
(112, 38, 2, 1, '2022-08-24 10:28:16', '2022-08-24 10:28:16'),
(113, 38, 2, 1, '2022-08-24 10:28:16', '2022-08-24 10:28:16'),
(114, 38, 5, 1, '2022-08-24 10:28:16', '2022-08-24 10:28:16'),
(115, 39, 4, 1, '2022-08-24 10:28:16', '2022-08-24 10:28:16'),
(116, 39, 2, 1, '2022-08-24 10:28:16', '2022-08-24 10:28:16'),
(117, 39, 5, 1, '2022-08-24 10:28:16', '2022-08-24 10:28:16'),
(118, 40, 5, 1, '2022-08-24 10:28:16', '2022-08-24 10:28:16'),
(119, 40, 5, 1, '2022-08-24 10:28:16', '2022-08-24 10:28:16'),
(120, 40, 3, 1, '2022-08-24 10:28:16', '2022-08-24 10:28:16'),
(121, 41, 2, 1, '2022-08-24 10:28:16', '2022-08-24 10:28:16'),
(122, 41, 2, 1, '2022-08-24 10:28:16', '2022-08-24 10:28:16'),
(123, 41, 5, 1, '2022-08-24 10:28:16', '2022-08-24 10:28:16'),
(124, 42, 4, 1, '2022-08-24 10:28:16', '2022-08-24 10:28:16'),
(125, 42, 4, 1, '2022-08-24 10:28:16', '2022-08-24 10:28:16'),
(126, 42, 2, 1, '2022-08-24 10:28:16', '2022-08-24 10:28:16'),
(127, 43, 4, 1, '2022-08-24 10:28:16', '2022-08-24 10:28:16'),
(128, 43, 3, 1, '2022-08-24 10:28:16', '2022-08-24 10:28:16'),
(129, 43, 4, 1, '2022-08-24 10:28:16', '2022-08-24 10:28:16'),
(130, 44, 3, 1, '2022-08-24 10:28:16', '2022-08-24 10:28:16'),
(131, 44, 3, 1, '2022-08-24 10:28:16', '2022-08-24 10:28:16'),
(132, 44, 1, 1, '2022-08-24 10:28:16', '2022-08-24 10:28:16'),
(133, 45, 2, 1, '2022-08-24 10:28:16', '2022-08-24 10:28:16'),
(134, 45, 5, 1, '2022-08-24 10:28:16', '2022-08-24 10:28:16'),
(135, 45, 1, 1, '2022-08-24 10:28:16', '2022-08-24 10:28:16'),
(136, 46, 1, 1, '2022-08-24 10:28:16', '2022-08-24 10:28:16'),
(137, 46, 1, 1, '2022-08-24 10:28:16', '2022-08-24 10:28:16'),
(138, 46, 3, 1, '2022-08-24 10:28:16', '2022-08-24 10:28:16'),
(139, 47, 5, 1, '2022-08-24 10:28:16', '2022-08-24 10:28:16'),
(140, 47, 4, 1, '2022-08-24 10:28:16', '2022-08-24 10:28:16'),
(141, 47, 3, 1, '2022-08-24 10:28:16', '2022-08-24 10:28:16'),
(142, 48, 5, 1, '2022-08-24 10:28:16', '2022-08-24 10:28:16'),
(143, 48, 4, 1, '2022-08-24 10:28:16', '2022-08-24 10:28:16'),
(144, 48, 4, 1, '2022-08-24 10:28:16', '2022-08-24 10:28:16'),
(145, 49, 1, 1, '2022-08-24 10:28:16', '2022-08-24 10:28:16'),
(146, 49, 3, 1, '2022-08-24 10:28:16', '2022-08-24 10:28:16'),
(147, 49, 3, 1, '2022-08-24 10:28:16', '2022-08-24 10:28:16'),
(148, 50, 1, 1, '2022-08-24 10:28:16', '2022-08-24 10:28:16'),
(149, 50, 4, 1, '2022-08-24 10:28:16', '2022-08-24 10:28:16'),
(150, 50, 4, 1, '2022-08-24 10:28:16', '2022-08-24 10:28:16'),
(151, 1, 5, 1, '2022-08-24 11:40:40', '2022-08-24 11:40:40'),
(152, 1, 3, 1, '2022-08-24 11:41:46', '2022-08-24 11:41:46'),
(153, 1, 3, 1, '2022-08-24 11:44:04', '2022-08-24 11:44:04'),
(154, 1, 3, 1, '2022-08-24 11:45:06', '2022-08-24 11:45:06'),
(155, 1, 4, 1, '2022-08-25 13:38:42', '2022-08-25 13:38:42'),
(156, 1, 1, 1, '2022-08-25 13:42:21', '2022-08-25 13:42:21'),
(157, 1, 5, 1, '2022-08-25 13:42:25', '2022-08-25 13:42:25'),
(158, 1, 5, 1, '2022-08-25 13:43:15', '2022-08-25 13:43:15'),
(159, 1, 5, 1, '2022-08-25 13:43:16', '2022-08-25 13:43:16'),
(160, 1, 5, 1, '2022-08-25 13:43:17', '2022-08-25 13:43:17'),
(161, 1, 5, 1, '2022-08-25 13:43:18', '2022-08-25 13:43:18'),
(162, 1, 5, 1, '2022-08-25 13:44:06', '2022-08-25 13:44:06'),
(163, 1, 5, 1, '2022-08-25 13:44:44', '2022-08-25 13:44:44'),
(164, 1, 5, 1, '2022-08-25 13:45:34', '2022-08-25 13:45:34'),
(165, 1, 5, 1, '2022-08-25 13:46:38', '2022-08-25 13:46:38'),
(166, 1, 5, 1, '2022-08-25 13:47:01', '2022-08-25 13:47:01'),
(167, 1, 5, 1, '2022-08-25 13:47:36', '2022-08-25 13:47:36');

INSERT INTO `averageRatings` (`id`, `appId`, `average`, `state`, `createdAt`, `updatedAt`) VALUES
(1, 1, 4.0, 1, '2022-08-25 11:50:24', '2022-08-25 13:47:36'),
(2, 2, 2.0, 1, '2022-08-25 11:50:24', '2022-08-25 11:50:24'),
(3, 3, 1.0, 1, '2022-08-25 11:50:24', '2022-08-25 11:50:24'),
(4, 4, 2.0, 1, '2022-08-25 11:50:24', '2022-08-25 11:50:24'),
(5, 5, 4.0, 1, '2022-08-25 11:50:24', '2022-08-25 11:50:24'),
(6, 6, 3.0, 1, '2022-08-25 11:50:24', '2022-08-25 11:50:24'),
(7, 7, 2.0, 1, '2022-08-25 11:50:24', '2022-08-25 11:50:24'),
(8, 8, 3.0, 1, '2022-08-25 11:50:24', '2022-08-25 11:50:24'),
(9, 9, 3.0, 1, '2022-08-25 11:50:24', '2022-08-25 11:50:24'),
(10, 10, 3.0, 1, '2022-08-25 11:50:24', '2022-08-25 11:50:24'),
(11, 11, 4.0, 1, '2022-08-25 11:50:24', '2022-08-25 11:50:24'),
(12, 12, 3.0, 1, '2022-08-25 11:50:24', '2022-08-25 11:50:24'),
(13, 13, 1.0, 1, '2022-08-25 11:50:24', '2022-08-25 11:50:24'),
(14, 14, 3.0, 1, '2022-08-25 11:50:24', '2022-08-25 11:50:24'),
(15, 15, 3.0, 1, '2022-08-25 11:50:24', '2022-08-25 11:50:24'),
(16, 16, 2.0, 1, '2022-08-25 11:50:24', '2022-08-25 11:50:24'),
(17, 17, 3.0, 1, '2022-08-25 11:50:24', '2022-08-25 11:50:24'),
(18, 18, 3.0, 1, '2022-08-25 11:50:24', '2022-08-25 11:50:24'),
(19, 19, 2.0, 1, '2022-08-25 11:50:24', '2022-08-25 11:50:24'),
(20, 20, 2.0, 1, '2022-08-25 11:50:24', '2022-08-25 11:50:24'),
(21, 21, 2.0, 1, '2022-08-25 11:50:24', '2022-08-25 11:50:24'),
(22, 22, 2.0, 1, '2022-08-25 11:50:24', '2022-08-25 11:50:24'),
(23, 23, 2.0, 1, '2022-08-25 11:50:24', '2022-08-25 11:50:24'),
(24, 24, 1.0, 1, '2022-08-25 11:50:24', '2022-08-25 11:50:24'),
(25, 25, 2.0, 1, '2022-08-25 11:50:24', '2022-08-25 11:50:24'),
(26, 26, 4.0, 1, '2022-08-25 11:50:24', '2022-08-25 11:50:24'),
(27, 27, 4.0, 1, '2022-08-25 11:50:24', '2022-08-25 11:50:24'),
(28, 28, 3.0, 1, '2022-08-25 11:50:24', '2022-08-25 11:50:24'),
(29, 29, 3.0, 1, '2022-08-25 11:50:24', '2022-08-25 11:50:24'),
(30, 30, 1.0, 1, '2022-08-25 11:50:24', '2022-08-25 11:50:24'),
(31, 31, 2.0, 1, '2022-08-25 11:50:24', '2022-08-25 11:50:24'),
(32, 32, 3.0, 1, '2022-08-25 11:50:24', '2022-08-25 11:50:24'),
(33, 33, 2.0, 1, '2022-08-25 11:50:24', '2022-08-25 11:50:24'),
(34, 34, 4.0, 1, '2022-08-25 11:50:24', '2022-08-25 11:50:24'),
(35, 35, 4.0, 1, '2022-08-25 11:50:24', '2022-08-25 11:50:24'),
(36, 36, 3.0, 1, '2022-08-25 11:50:24', '2022-08-25 11:50:24'),
(37, 37, 3.0, 1, '2022-08-25 11:50:24', '2022-08-25 11:50:24'),
(38, 38, 3.0, 1, '2022-08-25 11:50:24', '2022-08-25 11:50:24'),
(39, 39, 3.0, 1, '2022-08-25 11:50:24', '2022-08-25 11:50:24'),
(40, 40, 4.0, 1, '2022-08-25 11:50:24', '2022-08-25 11:50:24'),
(41, 41, 3.0, 1, '2022-08-25 11:50:24', '2022-08-25 11:50:24'),
(42, 42, 3.0, 1, '2022-08-25 11:50:24', '2022-08-25 11:50:24'),
(43, 43, 3.0, 1, '2022-08-25 11:50:24', '2022-08-25 11:50:24'),
(44, 44, 2.0, 1, '2022-08-25 11:50:24', '2022-08-25 11:50:24'),
(45, 45, 2.0, 1, '2022-08-25 11:50:24', '2022-08-25 11:50:24'),
(46, 46, 1.0, 1, '2022-08-25 11:50:24', '2022-08-25 11:50:24'),
(47, 47, 4.0, 1, '2022-08-25 11:50:24', '2022-08-25 11:50:24'),
(48, 48, 4.0, 1, '2022-08-25 11:50:24', '2022-08-25 11:50:24'),
(49, 49, 2.0, 1, '2022-08-25 11:50:24', '2022-08-25 11:50:24'),
(50, 50, 3.0, 1, '2022-08-25 11:50:24', '2022-08-25 11:50:24');

INSERT INTO `categories` (`id`, `name`, `state`, `createdAt`, `updatedAt`) VALUES
(1, 'Entretenimiento', 1, '2022-08-24 10:28:15', '2022-08-24 10:28:15'),
(2, 'Herramientas y utilidades', 1, '2022-08-24 10:28:15', '2022-08-24 10:28:15'),
(3, 'Juegos', 1, '2022-08-24 10:28:15', '2022-08-24 10:28:15');

INSERT INTO `comments` (`id`, `appId`, `userName`, `comment`, `state`, `createdAt`, `updatedAt`) VALUES
(1, 1, 'Usuario 1', 'Amazon Appstore es una tienda de aplicaciones para el sistema operativo Android operada por Amazon.', 1, '2022-08-24 10:28:15', '2022-08-24 10:28:15'),
(2, 1, 'Usuario 2', 'Amazon Appstore es una tienda de aplicaciones para el sistema operativo Android operada por Amazon.', 1, '2022-08-24 10:28:15', '2022-08-24 10:28:15'),
(3, 1, 'Usuario 3', 'Amazon Appstore es una tienda de aplicaciones para el sistema operativo Android operada por Amazon.', 1, '2022-08-24 10:28:15', '2022-08-24 10:28:15'),
(4, 2, 'Usuario 1', 'Amazon Appstore es una tienda de aplicaciones para el sistema operativo Android operada por Amazon.', 1, '2022-08-24 10:28:15', '2022-08-24 10:28:15'),
(5, 2, 'Usuario 2', 'Amazon Appstore es una tienda de aplicaciones para el sistema operativo Android operada por Amazon.', 1, '2022-08-24 10:28:15', '2022-08-24 10:28:15'),
(6, 2, 'Usuario 3', 'Amazon Appstore es una tienda de aplicaciones para el sistema operativo Android operada por Amazon.', 1, '2022-08-24 10:28:15', '2022-08-24 10:28:15'),
(7, 3, 'Usuario 1', 'Amazon Appstore es una tienda de aplicaciones para el sistema operativo Android operada por Amazon.', 1, '2022-08-24 10:28:15', '2022-08-24 10:28:15'),
(8, 3, 'Usuario 2', 'Amazon Appstore es una tienda de aplicaciones para el sistema operativo Android operada por Amazon.', 1, '2022-08-24 10:28:15', '2022-08-24 10:28:15'),
(9, 3, 'Usuario 3', 'Amazon Appstore es una tienda de aplicaciones para el sistema operativo Android operada por Amazon.', 1, '2022-08-24 10:28:15', '2022-08-24 10:28:15'),
(10, 4, 'Usuario 1', 'Amazon Appstore es una tienda de aplicaciones para el sistema operativo Android operada por Amazon.', 1, '2022-08-24 10:28:15', '2022-08-24 10:28:15'),
(11, 4, 'Usuario 2', 'Amazon Appstore es una tienda de aplicaciones para el sistema operativo Android operada por Amazon.', 1, '2022-08-24 10:28:15', '2022-08-24 10:28:15'),
(12, 4, 'Usuario 3', 'Amazon Appstore es una tienda de aplicaciones para el sistema operativo Android operada por Amazon.', 1, '2022-08-24 10:28:15', '2022-08-24 10:28:15'),
(13, 5, 'Usuario 1', 'Amazon Appstore es una tienda de aplicaciones para el sistema operativo Android operada por Amazon.', 1, '2022-08-24 10:28:15', '2022-08-24 10:28:15'),
(14, 5, 'Usuario 2', 'Amazon Appstore es una tienda de aplicaciones para el sistema operativo Android operada por Amazon.', 1, '2022-08-24 10:28:15', '2022-08-24 10:28:15'),
(15, 5, 'Usuario 3', 'Amazon Appstore es una tienda de aplicaciones para el sistema operativo Android operada por Amazon.', 1, '2022-08-24 10:28:15', '2022-08-24 10:28:15'),
(16, 6, 'Usuario 1', 'Amazon Appstore es una tienda de aplicaciones para el sistema operativo Android operada por Amazon.', 1, '2022-08-24 10:28:15', '2022-08-24 10:28:15'),
(17, 6, 'Usuario 2', 'Amazon Appstore es una tienda de aplicaciones para el sistema operativo Android operada por Amazon.', 1, '2022-08-24 10:28:15', '2022-08-24 10:28:15'),
(18, 6, 'Usuario 3', 'Amazon Appstore es una tienda de aplicaciones para el sistema operativo Android operada por Amazon.', 1, '2022-08-24 10:28:15', '2022-08-24 10:28:15'),
(19, 7, 'Usuario 1', 'Amazon Appstore es una tienda de aplicaciones para el sistema operativo Android operada por Amazon.', 1, '2022-08-24 10:28:15', '2022-08-24 10:28:15'),
(20, 7, 'Usuario 2', 'Amazon Appstore es una tienda de aplicaciones para el sistema operativo Android operada por Amazon.', 1, '2022-08-24 10:28:15', '2022-08-24 10:28:15'),
(21, 7, 'Usuario 3', 'Amazon Appstore es una tienda de aplicaciones para el sistema operativo Android operada por Amazon.', 1, '2022-08-24 10:28:15', '2022-08-24 10:28:15'),
(22, 8, 'Usuario 1', 'Amazon Appstore es una tienda de aplicaciones para el sistema operativo Android operada por Amazon.', 1, '2022-08-24 10:28:15', '2022-08-24 10:28:15'),
(23, 8, 'Usuario 2', 'Amazon Appstore es una tienda de aplicaciones para el sistema operativo Android operada por Amazon.', 1, '2022-08-24 10:28:15', '2022-08-24 10:28:15'),
(24, 8, 'Usuario 3', 'Amazon Appstore es una tienda de aplicaciones para el sistema operativo Android operada por Amazon.', 1, '2022-08-24 10:28:15', '2022-08-24 10:28:15'),
(25, 9, 'Usuario 1', 'Amazon Appstore es una tienda de aplicaciones para el sistema operativo Android operada por Amazon.', 1, '2022-08-24 10:28:15', '2022-08-24 10:28:15'),
(26, 9, 'Usuario 2', 'Amazon Appstore es una tienda de aplicaciones para el sistema operativo Android operada por Amazon.', 1, '2022-08-24 10:28:15', '2022-08-24 10:28:15'),
(27, 9, 'Usuario 3', 'Amazon Appstore es una tienda de aplicaciones para el sistema operativo Android operada por Amazon.', 1, '2022-08-24 10:28:15', '2022-08-24 10:28:15'),
(28, 10, 'Usuario 1', 'Amazon Appstore es una tienda de aplicaciones para el sistema operativo Android operada por Amazon.', 1, '2022-08-24 10:28:15', '2022-08-24 10:28:15'),
(29, 10, 'Usuario 2', 'Amazon Appstore es una tienda de aplicaciones para el sistema operativo Android operada por Amazon.', 1, '2022-08-24 10:28:15', '2022-08-24 10:28:15'),
(30, 10, 'Usuario 3', 'Amazon Appstore es una tienda de aplicaciones para el sistema operativo Android operada por Amazon.', 1, '2022-08-24 10:28:15', '2022-08-24 10:28:15'),
(31, 11, 'Usuario 1', 'Amazon Appstore es una tienda de aplicaciones para el sistema operativo Android operada por Amazon.', 1, '2022-08-24 10:28:15', '2022-08-24 10:28:15'),
(32, 11, 'Usuario 2', 'Amazon Appstore es una tienda de aplicaciones para el sistema operativo Android operada por Amazon.', 1, '2022-08-24 10:28:15', '2022-08-24 10:28:15'),
(33, 11, 'Usuario 3', 'Amazon Appstore es una tienda de aplicaciones para el sistema operativo Android operada por Amazon.', 1, '2022-08-24 10:28:15', '2022-08-24 10:28:15'),
(34, 12, 'Usuario 1', 'Amazon Appstore es una tienda de aplicaciones para el sistema operativo Android operada por Amazon.', 1, '2022-08-24 10:28:15', '2022-08-24 10:28:15'),
(35, 12, 'Usuario 2', 'Amazon Appstore es una tienda de aplicaciones para el sistema operativo Android operada por Amazon.', 1, '2022-08-24 10:28:15', '2022-08-24 10:28:15'),
(36, 12, 'Usuario 3', 'Amazon Appstore es una tienda de aplicaciones para el sistema operativo Android operada por Amazon.', 1, '2022-08-24 10:28:15', '2022-08-24 10:28:15'),
(37, 13, 'Usuario 1', 'Amazon Appstore es una tienda de aplicaciones para el sistema operativo Android operada por Amazon.', 1, '2022-08-24 10:28:15', '2022-08-24 10:28:15'),
(38, 13, 'Usuario 2', 'Amazon Appstore es una tienda de aplicaciones para el sistema operativo Android operada por Amazon.', 1, '2022-08-24 10:28:15', '2022-08-24 10:28:15'),
(39, 13, 'Usuario 3', 'Amazon Appstore es una tienda de aplicaciones para el sistema operativo Android operada por Amazon.', 1, '2022-08-24 10:28:15', '2022-08-24 10:28:15'),
(40, 14, 'Usuario 1', 'Amazon Appstore es una tienda de aplicaciones para el sistema operativo Android operada por Amazon.', 1, '2022-08-24 10:28:15', '2022-08-24 10:28:15'),
(41, 14, 'Usuario 2', 'Amazon Appstore es una tienda de aplicaciones para el sistema operativo Android operada por Amazon.', 1, '2022-08-24 10:28:15', '2022-08-24 10:28:15'),
(42, 14, 'Usuario 3', 'Amazon Appstore es una tienda de aplicaciones para el sistema operativo Android operada por Amazon.', 1, '2022-08-24 10:28:15', '2022-08-24 10:28:15'),
(43, 15, 'Usuario 1', 'Amazon Appstore es una tienda de aplicaciones para el sistema operativo Android operada por Amazon.', 1, '2022-08-24 10:28:15', '2022-08-24 10:28:15'),
(44, 15, 'Usuario 2', 'Amazon Appstore es una tienda de aplicaciones para el sistema operativo Android operada por Amazon.', 1, '2022-08-24 10:28:15', '2022-08-24 10:28:15'),
(45, 15, 'Usuario 3', 'Amazon Appstore es una tienda de aplicaciones para el sistema operativo Android operada por Amazon.', 1, '2022-08-24 10:28:15', '2022-08-24 10:28:15'),
(46, 16, 'Usuario 1', 'Amazon Appstore es una tienda de aplicaciones para el sistema operativo Android operada por Amazon.', 1, '2022-08-24 10:28:15', '2022-08-24 10:28:15'),
(47, 16, 'Usuario 2', 'Amazon Appstore es una tienda de aplicaciones para el sistema operativo Android operada por Amazon.', 1, '2022-08-24 10:28:15', '2022-08-24 10:28:15'),
(48, 16, 'Usuario 3', 'Amazon Appstore es una tienda de aplicaciones para el sistema operativo Android operada por Amazon.', 1, '2022-08-24 10:28:15', '2022-08-24 10:28:15'),
(49, 17, 'Usuario 1', 'Amazon Appstore es una tienda de aplicaciones para el sistema operativo Android operada por Amazon.', 1, '2022-08-24 10:28:15', '2022-08-24 10:28:15'),
(50, 17, 'Usuario 2', 'Amazon Appstore es una tienda de aplicaciones para el sistema operativo Android operada por Amazon.', 1, '2022-08-24 10:28:15', '2022-08-24 10:28:15'),
(51, 17, 'Usuario 3', 'Amazon Appstore es una tienda de aplicaciones para el sistema operativo Android operada por Amazon.', 1, '2022-08-24 10:28:15', '2022-08-24 10:28:15'),
(52, 18, 'Usuario 1', 'Amazon Appstore es una tienda de aplicaciones para el sistema operativo Android operada por Amazon.', 1, '2022-08-24 10:28:15', '2022-08-24 10:28:15'),
(53, 18, 'Usuario 2', 'Amazon Appstore es una tienda de aplicaciones para el sistema operativo Android operada por Amazon.', 1, '2022-08-24 10:28:15', '2022-08-24 10:28:15'),
(54, 18, 'Usuario 3', 'Amazon Appstore es una tienda de aplicaciones para el sistema operativo Android operada por Amazon.', 1, '2022-08-24 10:28:15', '2022-08-24 10:28:15'),
(55, 19, 'Usuario 1', 'Amazon Appstore es una tienda de aplicaciones para el sistema operativo Android operada por Amazon.', 1, '2022-08-24 10:28:15', '2022-08-24 10:28:15'),
(56, 19, 'Usuario 2', 'Amazon Appstore es una tienda de aplicaciones para el sistema operativo Android operada por Amazon.', 1, '2022-08-24 10:28:15', '2022-08-24 10:28:15'),
(57, 19, 'Usuario 3', 'Amazon Appstore es una tienda de aplicaciones para el sistema operativo Android operada por Amazon.', 1, '2022-08-24 10:28:15', '2022-08-24 10:28:15'),
(58, 20, 'Usuario 1', 'Amazon Appstore es una tienda de aplicaciones para el sistema operativo Android operada por Amazon.', 1, '2022-08-24 10:28:15', '2022-08-24 10:28:15'),
(59, 20, 'Usuario 2', 'Amazon Appstore es una tienda de aplicaciones para el sistema operativo Android operada por Amazon.', 1, '2022-08-24 10:28:15', '2022-08-24 10:28:15'),
(60, 20, 'Usuario 3', 'Amazon Appstore es una tienda de aplicaciones para el sistema operativo Android operada por Amazon.', 1, '2022-08-24 10:28:15', '2022-08-24 10:28:15'),
(61, 21, 'Usuario 1', 'Amazon Appstore es una tienda de aplicaciones para el sistema operativo Android operada por Amazon.', 1, '2022-08-24 10:28:15', '2022-08-24 10:28:15'),
(62, 21, 'Usuario 2', 'Amazon Appstore es una tienda de aplicaciones para el sistema operativo Android operada por Amazon.', 1, '2022-08-24 10:28:15', '2022-08-24 10:28:15'),
(63, 21, 'Usuario 3', 'Amazon Appstore es una tienda de aplicaciones para el sistema operativo Android operada por Amazon.', 1, '2022-08-24 10:28:15', '2022-08-24 10:28:15'),
(64, 22, 'Usuario 1', 'Amazon Appstore es una tienda de aplicaciones para el sistema operativo Android operada por Amazon.', 1, '2022-08-24 10:28:15', '2022-08-24 10:28:15'),
(65, 22, 'Usuario 2', 'Amazon Appstore es una tienda de aplicaciones para el sistema operativo Android operada por Amazon.', 1, '2022-08-24 10:28:15', '2022-08-24 10:28:15'),
(66, 22, 'Usuario 3', 'Amazon Appstore es una tienda de aplicaciones para el sistema operativo Android operada por Amazon.', 1, '2022-08-24 10:28:15', '2022-08-24 10:28:15'),
(67, 23, 'Usuario 1', 'Amazon Appstore es una tienda de aplicaciones para el sistema operativo Android operada por Amazon.', 1, '2022-08-24 10:28:15', '2022-08-24 10:28:15'),
(68, 23, 'Usuario 2', 'Amazon Appstore es una tienda de aplicaciones para el sistema operativo Android operada por Amazon.', 1, '2022-08-24 10:28:15', '2022-08-24 10:28:15'),
(69, 23, 'Usuario 3', 'Amazon Appstore es una tienda de aplicaciones para el sistema operativo Android operada por Amazon.', 1, '2022-08-24 10:28:15', '2022-08-24 10:28:15'),
(70, 24, 'Usuario 1', 'Amazon Appstore es una tienda de aplicaciones para el sistema operativo Android operada por Amazon.', 1, '2022-08-24 10:28:15', '2022-08-24 10:28:15'),
(71, 24, 'Usuario 2', 'Amazon Appstore es una tienda de aplicaciones para el sistema operativo Android operada por Amazon.', 1, '2022-08-24 10:28:15', '2022-08-24 10:28:15'),
(72, 24, 'Usuario 3', 'Amazon Appstore es una tienda de aplicaciones para el sistema operativo Android operada por Amazon.', 1, '2022-08-24 10:28:15', '2022-08-24 10:28:15'),
(73, 25, 'Usuario 1', 'Amazon Appstore es una tienda de aplicaciones para el sistema operativo Android operada por Amazon.', 1, '2022-08-24 10:28:15', '2022-08-24 10:28:15'),
(74, 25, 'Usuario 2', 'Amazon Appstore es una tienda de aplicaciones para el sistema operativo Android operada por Amazon.', 1, '2022-08-24 10:28:15', '2022-08-24 10:28:15'),
(75, 25, 'Usuario 3', 'Amazon Appstore es una tienda de aplicaciones para el sistema operativo Android operada por Amazon.', 1, '2022-08-24 10:28:15', '2022-08-24 10:28:15'),
(76, 26, 'Usuario 1', 'Amazon Appstore es una tienda de aplicaciones para el sistema operativo Android operada por Amazon.', 1, '2022-08-24 10:28:15', '2022-08-24 10:28:15'),
(77, 26, 'Usuario 2', 'Amazon Appstore es una tienda de aplicaciones para el sistema operativo Android operada por Amazon.', 1, '2022-08-24 10:28:15', '2022-08-24 10:28:15'),
(78, 26, 'Usuario 3', 'Amazon Appstore es una tienda de aplicaciones para el sistema operativo Android operada por Amazon.', 1, '2022-08-24 10:28:15', '2022-08-24 10:28:15'),
(79, 27, 'Usuario 1', 'Amazon Appstore es una tienda de aplicaciones para el sistema operativo Android operada por Amazon.', 1, '2022-08-24 10:28:15', '2022-08-24 10:28:15'),
(80, 27, 'Usuario 2', 'Amazon Appstore es una tienda de aplicaciones para el sistema operativo Android operada por Amazon.', 1, '2022-08-24 10:28:15', '2022-08-24 10:28:15'),
(81, 27, 'Usuario 3', 'Amazon Appstore es una tienda de aplicaciones para el sistema operativo Android operada por Amazon.', 1, '2022-08-24 10:28:15', '2022-08-24 10:28:15'),
(82, 28, 'Usuario 1', 'Amazon Appstore es una tienda de aplicaciones para el sistema operativo Android operada por Amazon.', 1, '2022-08-24 10:28:15', '2022-08-24 10:28:15'),
(83, 28, 'Usuario 2', 'Amazon Appstore es una tienda de aplicaciones para el sistema operativo Android operada por Amazon.', 1, '2022-08-24 10:28:15', '2022-08-24 10:28:15'),
(84, 28, 'Usuario 3', 'Amazon Appstore es una tienda de aplicaciones para el sistema operativo Android operada por Amazon.', 1, '2022-08-24 10:28:15', '2022-08-24 10:28:15'),
(85, 29, 'Usuario 1', 'Amazon Appstore es una tienda de aplicaciones para el sistema operativo Android operada por Amazon.', 1, '2022-08-24 10:28:15', '2022-08-24 10:28:15'),
(86, 29, 'Usuario 2', 'Amazon Appstore es una tienda de aplicaciones para el sistema operativo Android operada por Amazon.', 1, '2022-08-24 10:28:15', '2022-08-24 10:28:15'),
(87, 29, 'Usuario 3', 'Amazon Appstore es una tienda de aplicaciones para el sistema operativo Android operada por Amazon.', 1, '2022-08-24 10:28:15', '2022-08-24 10:28:15'),
(88, 30, 'Usuario 1', 'Amazon Appstore es una tienda de aplicaciones para el sistema operativo Android operada por Amazon.', 1, '2022-08-24 10:28:15', '2022-08-24 10:28:15'),
(89, 30, 'Usuario 2', 'Amazon Appstore es una tienda de aplicaciones para el sistema operativo Android operada por Amazon.', 1, '2022-08-24 10:28:15', '2022-08-24 10:28:15'),
(90, 30, 'Usuario 3', 'Amazon Appstore es una tienda de aplicaciones para el sistema operativo Android operada por Amazon.', 1, '2022-08-24 10:28:15', '2022-08-24 10:28:15'),
(91, 31, 'Usuario 1', 'Amazon Appstore es una tienda de aplicaciones para el sistema operativo Android operada por Amazon.', 1, '2022-08-24 10:28:15', '2022-08-24 10:28:15'),
(92, 31, 'Usuario 2', 'Amazon Appstore es una tienda de aplicaciones para el sistema operativo Android operada por Amazon.', 1, '2022-08-24 10:28:15', '2022-08-24 10:28:15'),
(93, 31, 'Usuario 3', 'Amazon Appstore es una tienda de aplicaciones para el sistema operativo Android operada por Amazon.', 1, '2022-08-24 10:28:15', '2022-08-24 10:28:15'),
(94, 32, 'Usuario 1', 'Amazon Appstore es una tienda de aplicaciones para el sistema operativo Android operada por Amazon.', 1, '2022-08-24 10:28:15', '2022-08-24 10:28:15'),
(95, 32, 'Usuario 2', 'Amazon Appstore es una tienda de aplicaciones para el sistema operativo Android operada por Amazon.', 1, '2022-08-24 10:28:15', '2022-08-24 10:28:15'),
(96, 32, 'Usuario 3', 'Amazon Appstore es una tienda de aplicaciones para el sistema operativo Android operada por Amazon.', 1, '2022-08-24 10:28:15', '2022-08-24 10:28:15'),
(97, 33, 'Usuario 1', 'Amazon Appstore es una tienda de aplicaciones para el sistema operativo Android operada por Amazon.', 1, '2022-08-24 10:28:15', '2022-08-24 10:28:15'),
(98, 33, 'Usuario 2', 'Amazon Appstore es una tienda de aplicaciones para el sistema operativo Android operada por Amazon.', 1, '2022-08-24 10:28:15', '2022-08-24 10:28:15'),
(99, 33, 'Usuario 3', 'Amazon Appstore es una tienda de aplicaciones para el sistema operativo Android operada por Amazon.', 1, '2022-08-24 10:28:15', '2022-08-24 10:28:15'),
(100, 34, 'Usuario 1', 'Amazon Appstore es una tienda de aplicaciones para el sistema operativo Android operada por Amazon.', 1, '2022-08-24 10:28:15', '2022-08-24 10:28:15'),
(101, 34, 'Usuario 2', 'Amazon Appstore es una tienda de aplicaciones para el sistema operativo Android operada por Amazon.', 1, '2022-08-24 10:28:15', '2022-08-24 10:28:15'),
(102, 34, 'Usuario 3', 'Amazon Appstore es una tienda de aplicaciones para el sistema operativo Android operada por Amazon.', 1, '2022-08-24 10:28:15', '2022-08-24 10:28:15'),
(103, 35, 'Usuario 1', 'Amazon Appstore es una tienda de aplicaciones para el sistema operativo Android operada por Amazon.', 1, '2022-08-24 10:28:15', '2022-08-24 10:28:15'),
(104, 35, 'Usuario 2', 'Amazon Appstore es una tienda de aplicaciones para el sistema operativo Android operada por Amazon.', 1, '2022-08-24 10:28:15', '2022-08-24 10:28:15'),
(105, 35, 'Usuario 3', 'Amazon Appstore es una tienda de aplicaciones para el sistema operativo Android operada por Amazon.', 1, '2022-08-24 10:28:15', '2022-08-24 10:28:15'),
(106, 36, 'Usuario 1', 'Amazon Appstore es una tienda de aplicaciones para el sistema operativo Android operada por Amazon.', 1, '2022-08-24 10:28:15', '2022-08-24 10:28:15'),
(107, 36, 'Usuario 2', 'Amazon Appstore es una tienda de aplicaciones para el sistema operativo Android operada por Amazon.', 1, '2022-08-24 10:28:15', '2022-08-24 10:28:15'),
(108, 36, 'Usuario 3', 'Amazon Appstore es una tienda de aplicaciones para el sistema operativo Android operada por Amazon.', 1, '2022-08-24 10:28:15', '2022-08-24 10:28:15'),
(109, 37, 'Usuario 1', 'Amazon Appstore es una tienda de aplicaciones para el sistema operativo Android operada por Amazon.', 1, '2022-08-24 10:28:15', '2022-08-24 10:28:15'),
(110, 37, 'Usuario 2', 'Amazon Appstore es una tienda de aplicaciones para el sistema operativo Android operada por Amazon.', 1, '2022-08-24 10:28:15', '2022-08-24 10:28:15'),
(111, 37, 'Usuario 3', 'Amazon Appstore es una tienda de aplicaciones para el sistema operativo Android operada por Amazon.', 1, '2022-08-24 10:28:15', '2022-08-24 10:28:15'),
(112, 38, 'Usuario 1', 'Amazon Appstore es una tienda de aplicaciones para el sistema operativo Android operada por Amazon.', 1, '2022-08-24 10:28:15', '2022-08-24 10:28:15'),
(113, 38, 'Usuario 2', 'Amazon Appstore es una tienda de aplicaciones para el sistema operativo Android operada por Amazon.', 1, '2022-08-24 10:28:15', '2022-08-24 10:28:15'),
(114, 38, 'Usuario 3', 'Amazon Appstore es una tienda de aplicaciones para el sistema operativo Android operada por Amazon.', 1, '2022-08-24 10:28:15', '2022-08-24 10:28:15'),
(115, 39, 'Usuario 1', 'Amazon Appstore es una tienda de aplicaciones para el sistema operativo Android operada por Amazon.', 1, '2022-08-24 10:28:15', '2022-08-24 10:28:15'),
(116, 39, 'Usuario 2', 'Amazon Appstore es una tienda de aplicaciones para el sistema operativo Android operada por Amazon.', 1, '2022-08-24 10:28:15', '2022-08-24 10:28:15'),
(117, 39, 'Usuario 3', 'Amazon Appstore es una tienda de aplicaciones para el sistema operativo Android operada por Amazon.', 1, '2022-08-24 10:28:15', '2022-08-24 10:28:15'),
(118, 40, 'Usuario 1', 'Amazon Appstore es una tienda de aplicaciones para el sistema operativo Android operada por Amazon.', 1, '2022-08-24 10:28:15', '2022-08-24 10:28:15'),
(119, 40, 'Usuario 2', 'Amazon Appstore es una tienda de aplicaciones para el sistema operativo Android operada por Amazon.', 1, '2022-08-24 10:28:15', '2022-08-24 10:28:15'),
(120, 40, 'Usuario 3', 'Amazon Appstore es una tienda de aplicaciones para el sistema operativo Android operada por Amazon.', 1, '2022-08-24 10:28:15', '2022-08-24 10:28:15'),
(121, 41, 'Usuario 1', 'Amazon Appstore es una tienda de aplicaciones para el sistema operativo Android operada por Amazon.', 1, '2022-08-24 10:28:15', '2022-08-24 10:28:15'),
(122, 41, 'Usuario 2', 'Amazon Appstore es una tienda de aplicaciones para el sistema operativo Android operada por Amazon.', 1, '2022-08-24 10:28:15', '2022-08-24 10:28:15'),
(123, 41, 'Usuario 3', 'Amazon Appstore es una tienda de aplicaciones para el sistema operativo Android operada por Amazon.', 1, '2022-08-24 10:28:15', '2022-08-24 10:28:15'),
(124, 42, 'Usuario 1', 'Amazon Appstore es una tienda de aplicaciones para el sistema operativo Android operada por Amazon.', 1, '2022-08-24 10:28:15', '2022-08-24 10:28:15'),
(125, 42, 'Usuario 2', 'Amazon Appstore es una tienda de aplicaciones para el sistema operativo Android operada por Amazon.', 1, '2022-08-24 10:28:15', '2022-08-24 10:28:15'),
(126, 42, 'Usuario 3', 'Amazon Appstore es una tienda de aplicaciones para el sistema operativo Android operada por Amazon.', 1, '2022-08-24 10:28:15', '2022-08-24 10:28:15'),
(127, 43, 'Usuario 1', 'Amazon Appstore es una tienda de aplicaciones para el sistema operativo Android operada por Amazon.', 1, '2022-08-24 10:28:15', '2022-08-24 10:28:15'),
(128, 43, 'Usuario 2', 'Amazon Appstore es una tienda de aplicaciones para el sistema operativo Android operada por Amazon.', 1, '2022-08-24 10:28:15', '2022-08-24 10:28:15'),
(129, 43, 'Usuario 3', 'Amazon Appstore es una tienda de aplicaciones para el sistema operativo Android operada por Amazon.', 1, '2022-08-24 10:28:15', '2022-08-24 10:28:15'),
(130, 44, 'Usuario 1', 'Amazon Appstore es una tienda de aplicaciones para el sistema operativo Android operada por Amazon.', 1, '2022-08-24 10:28:15', '2022-08-24 10:28:15'),
(131, 44, 'Usuario 2', 'Amazon Appstore es una tienda de aplicaciones para el sistema operativo Android operada por Amazon.', 1, '2022-08-24 10:28:15', '2022-08-24 10:28:15'),
(132, 44, 'Usuario 3', 'Amazon Appstore es una tienda de aplicaciones para el sistema operativo Android operada por Amazon.', 1, '2022-08-24 10:28:15', '2022-08-24 10:28:15'),
(133, 45, 'Usuario 1', 'Amazon Appstore es una tienda de aplicaciones para el sistema operativo Android operada por Amazon.', 1, '2022-08-24 10:28:15', '2022-08-24 10:28:15'),
(134, 45, 'Usuario 2', 'Amazon Appstore es una tienda de aplicaciones para el sistema operativo Android operada por Amazon.', 1, '2022-08-24 10:28:15', '2022-08-24 10:28:15'),
(135, 45, 'Usuario 3', 'Amazon Appstore es una tienda de aplicaciones para el sistema operativo Android operada por Amazon.', 1, '2022-08-24 10:28:15', '2022-08-24 10:28:15'),
(136, 46, 'Usuario 1', 'Amazon Appstore es una tienda de aplicaciones para el sistema operativo Android operada por Amazon.', 1, '2022-08-24 10:28:15', '2022-08-24 10:28:15'),
(137, 46, 'Usuario 2', 'Amazon Appstore es una tienda de aplicaciones para el sistema operativo Android operada por Amazon.', 1, '2022-08-24 10:28:15', '2022-08-24 10:28:15'),
(138, 46, 'Usuario 3', 'Amazon Appstore es una tienda de aplicaciones para el sistema operativo Android operada por Amazon.', 1, '2022-08-24 10:28:15', '2022-08-24 10:28:15'),
(139, 47, 'Usuario 1', 'Amazon Appstore es una tienda de aplicaciones para el sistema operativo Android operada por Amazon.', 1, '2022-08-24 10:28:15', '2022-08-24 10:28:15'),
(140, 47, 'Usuario 2', 'Amazon Appstore es una tienda de aplicaciones para el sistema operativo Android operada por Amazon.', 1, '2022-08-24 10:28:15', '2022-08-24 10:28:15'),
(141, 47, 'Usuario 3', 'Amazon Appstore es una tienda de aplicaciones para el sistema operativo Android operada por Amazon.', 1, '2022-08-24 10:28:15', '2022-08-24 10:28:15'),
(142, 48, 'Usuario 1', 'Amazon Appstore es una tienda de aplicaciones para el sistema operativo Android operada por Amazon.', 1, '2022-08-24 10:28:15', '2022-08-24 10:28:15'),
(143, 48, 'Usuario 2', 'Amazon Appstore es una tienda de aplicaciones para el sistema operativo Android operada por Amazon.', 1, '2022-08-24 10:28:15', '2022-08-24 10:28:15'),
(144, 48, 'Usuario 3', 'Amazon Appstore es una tienda de aplicaciones para el sistema operativo Android operada por Amazon.', 1, '2022-08-24 10:28:15', '2022-08-24 10:28:15'),
(145, 49, 'Usuario 1', 'Amazon Appstore es una tienda de aplicaciones para el sistema operativo Android operada por Amazon.', 1, '2022-08-24 10:28:15', '2022-08-24 10:28:15'),
(146, 49, 'Usuario 2', 'Amazon Appstore es una tienda de aplicaciones para el sistema operativo Android operada por Amazon.', 1, '2022-08-24 10:28:15', '2022-08-24 10:28:15'),
(147, 49, 'Usuario 3', 'Amazon Appstore es una tienda de aplicaciones para el sistema operativo Android operada por Amazon.', 1, '2022-08-24 10:28:15', '2022-08-24 10:28:15'),
(148, 50, 'Usuario 1', 'Amazon Appstore es una tienda de aplicaciones para el sistema operativo Android operada por Amazon.', 1, '2022-08-24 10:28:15', '2022-08-24 10:28:15'),
(149, 50, 'Usuario 2', 'Amazon Appstore es una tienda de aplicaciones para el sistema operativo Android operada por Amazon.', 1, '2022-08-24 10:28:15', '2022-08-24 10:28:15'),
(150, 50, 'Usuario 3', 'Amazon Appstore es una tienda de aplicaciones para el sistema operativo Android operada por Amazon.', 1, '2022-08-24 10:28:15', '2022-08-24 10:28:15'),
(151, 1, 'Usuario 007', 'comentario de Usuario 007', 1, '2022-08-24 12:10:38', '2022-08-24 12:10:38'),
(152, 1, 'Usuario 005', 'comentario de Usuario 005', 1, '2022-08-25 09:37:52', '2022-08-25 09:37:52'),
(153, 9, 'Rafael', 'comentario de app', 1, '2022-08-25 10:04:41', '2022-08-25 10:04:41'),
(154, 9, 'Rafael', 'comentario de app', 1, '2022-08-25 10:05:57', '2022-08-25 10:05:57'),
(155, 9, 'Rafael', 'comentario de app', 1, '2022-08-25 10:05:59', '2022-08-25 10:05:59'),
(156, 9, 'Rafael', 'comentario de app', 1, '2022-08-25 10:06:07', '2022-08-25 10:06:07'),
(157, 9, 'Rafael', 'comentario de app', 1, '2022-08-25 10:08:19', '2022-08-25 10:08:19'),
(158, 10, 'Rafael', 'comentario de app', 1, '2022-08-25 10:08:53', '2022-08-25 10:08:53'),
(159, 9, 'Rafael', 'comentario de app 2', 1, '2022-08-25 10:09:22', '2022-08-25 10:09:22'),
(160, 11, 'Rafael', 'comentario app 11', 1, '2022-08-25 10:09:59', '2022-08-25 10:09:59');



/*!40101 SET SQL_MODE=@OLD_SQL_MODE */;
/*!40014 SET FOREIGN_KEY_CHECKS=@OLD_FOREIGN_KEY_CHECKS */;
/*!40014 SET UNIQUE_CHECKS=@OLD_UNIQUE_CHECKS */;
/*!40101 SET CHARACTER_SET_CLIENT=@OLD_CHARACTER_SET_CLIENT */;
/*!40101 SET CHARACTER_SET_RESULTS=@OLD_CHARACTER_SET_RESULTS */;
/*!40101 SET COLLATION_CONNECTION=@OLD_COLLATION_CONNECTION */;
/*!40111 SET SQL_NOTES=@OLD_SQL_NOTES */;